Date,WeekDay,Name,Type,Year,SubTypeID,SubTypeDesc
2007-01-01,Monday,New Year's Day,Optional Holiday,2007,8,Others
2007-01-01,Monday,Eid al-Adha Holiday,Public Holiday,2007,2,Religious-Islamic
2007-01-23,Tuesday,Basant Panchami,Optional Holiday,2007,3,Religious-Hindu
2007-01-28,Sunday,Ashura,Public Holiday,2007,2,Religious-Islamic
2007-01-29,Monday,Ashura Holiday,Public Holiday,2007,2,Religious-Islamic
2007-02-05,Monday,Kashmir Day,Public Holiday,2007,1,Nationalistic
2007-02-17,Saturday,Shivaratri,Hindu Holiday,2007,3,Religious-Hindu
2007-03-03,Saturday,Holi,Optional Holiday,2007,3,Religious-Hindu
2007-03-04,Sunday,Dulhandi,Optional Holiday,2007,3,Religious-Hindu
2007-03-08,Thursday,Chelum,Optional Holiday,2007,2,Religious-Islamic
2007-03-21,Wednesday,March Equinox,Season,2007,7,Nature Season Related
2007-03-23,Friday,Pakistan Day,Public Holiday,2007,1,Nationalistic
2007-03-31,Saturday,Eid Milad un-Nabi,Public Holiday,2007,2,Religious-Islamic
2007-04-06,Friday,Good Friday,Optional Holiday,2007,4,Religious-Christian
2007-04-08,Sunday,Easter Sunday,Observance,2007,4,Religious-Christian
2007-04-09,Monday,Easter Monday,"Christian, Common local holiday",2007,4,Religious-Christian
2007-04-13,Friday,Baisakhi,Optional Holiday,2007,3,Religious-Hindu
2007-04-21,Saturday,Ridván,Optional Holiday,2007,5,Religious-Others
2007-04-28,Saturday,Giarhwin Sharief,Optional Holiday,2007,2,Religious-Islamic
2007-05-01,Tuesday,Labour Day,Public Holiday,2007,1,Nationalistic
2007-05-02,Wednesday,Buddha Purnima,Optional Holiday,2007,5,Religious-Others
2007-06-21,Thursday,June Solstice,Season,2007,7,Nature Season Related
2007-08-11,Saturday,Shab e-Meraj,Optional Holiday,2007,2,Religious-Islamic
2007-08-14,Tuesday,Independence Day,Public Holiday,2007,1,Nationalistic
2007-08-21,Tuesday,Nauroz,Optional Holiday,2007,5,Religious-Others
2007-08-25,Saturday,Birthday of Lord Zoroaster (Khordad Sal),Optional Holiday,2007,5,Religious-Others
2007-08-26,Sunday,Shab e-Barat,Optional Holiday,2007,2,Religious-Islamic
2007-09-04,Tuesday,Janmashtami,Optional Holiday,2007,3,Religious-Hindu
2007-09-06,Thursday,Defence Day,Observance,2007,1,Nationalistic
2007-09-23,Sunday,September Equinox,Season,2007,7,Nature Season Related
2007-10-13,Saturday,Eid-ul-Fitr,Public Holiday,2007,2,Religious-Islamic
2007-10-14,Sunday,Eid-ul-Fitr Holiday,Public Holiday,2007,2,Religious-Islamic
2007-10-15,Monday,Eid-ul-Fitr Holiday,Public Holiday,2007,2,Religious-Islamic
2007-10-16,Tuesday,Eid-ul-Fitr Holiday,Public Holiday,2007,2,Religious-Islamic
2007-10-20,Saturday,Durga Puja,Optional Holiday,2007,3,Religious-Hindu
2007-10-21,Sunday,Dussehra,Optional Holiday,2007,3,Religious-Hindu
2007-10-26,Friday,Birthday of Guru Balmik Sawami Ji,Optional Holiday,2007,5,Religious-Others
2007-11-09,Friday,Iqbal Day,Public Holiday,2007,1,Nationalistic
2007-11-09,Friday,Diwali/Deepavali,Optional Holiday,2007,3,Religious-Hindu
2007-11-24,Saturday,Guru Nanak's Birthday,Optional Holiday,2007,5,Religious-Others
2007-12-20,Thursday,Eid al-Adha,Public Holiday,2007,2,Religious-Islamic
2007-12-21,Friday,Eid al-Adha Holiday,Public Holiday,2007,2,Religious-Islamic
2007-12-22,Saturday,December Solstice,Season,2007,7,Nature Season Related
2007-12-24,Monday,Christmas Eve,Observance,2007,4,Religious-Christian
2007-12-25,Tuesday,Christmas Day,Public Holiday,2007,4,Religious-Christian
2007-12-25,Tuesday,Quaid-e-Azam Day,Public Holiday,2007,1,Nationalistic
2007-12-26,Wednesday,Day After Christmas (Christians only),Optional Holiday,2007,4,Religious-Christian
2007-12-31,Monday,New Year's Eve,Observance,2007,8,Others
2008-01-01,Tuesday,New Year's Day,Optional Holiday,2008,8,Others
2008-01-18,Friday,Ashura,Public Holiday,2008,2,Religious-Islamic
2008-01-19,Saturday,Ashura Holiday,Public Holiday,2008,2,Religious-Islamic
2008-02-05,Tuesday,Kashmir Day,Public Holiday,2008,1,Nationalistic
2008-02-11,Monday,Basant Panchami,Optional Holiday,2008,3,Religious-Hindu
2008-02-29,Friday,Chelum,Optional Holiday,2008,2,Religious-Islamic
2008-03-06,Thursday,Shivaratri,Optional Holiday,2008,3,Religious-Hindu
2008-03-20,Thursday,March Equinox,Season,2008,7,Nature Season Related
2008-03-21,Friday,Good Friday,Optional Holiday,2008,4,Religious-Christian
2008-03-21,Friday,Eid Milad un-Nabi,Public Holiday,2008,2,Religious-Islamic
2008-03-21,Friday,Holi,Optional Holiday,2008,3,Religious-Hindu
2008-03-22,Saturday,Dulhandi,Optional Holiday,2008,3,Religious-Hindu
2008-03-23,Sunday,Easter Sunday,Observance,2008,4,Religious-Christian
2008-03-23,Sunday,Pakistan Day,Public Holiday,2008,1,Nationalistic
2008-03-24,Monday,Easter Monday,"Christian, Common local holiday",2008,4,Religious-Christian
2008-04-13,Sunday,Baisakhi,Optional Holiday,2008,3,Religious-Hindu
2008-04-18,Friday,Giarhwin Sharief,Optional Holiday,2008,2,Religious-Islamic
2008-04-21,Monday,Ridván,Optional Holiday,2008,5,Religious-Others
2008-05-01,Thursday,Labour Day,Public Holiday,2008,1,Nationalistic
2008-05-20,Tuesday,Buddha Purnima,Optional Holiday,2008,5,Religious-Others
2008-06-21,Saturday,June Solstice,Season,2008,7,Nature Season Related
2008-08-01,Friday,Shab e-Meraj,Optional Holiday,2008,2,Religious-Islamic
2008-08-14,Thursday,Independence Day,Public Holiday,2008,1,Nationalistic
2008-08-16,Saturday,Raksha Bandhan,Hindu Holiday,2008,3,Religious-Hindu
2008-08-17,Sunday,Shab e-Barat,Optional Holiday,2008,2,Religious-Islamic
2008-08-19,Tuesday,Nauroz,Optional Holiday,2008,5,Religious-Others
2008-08-24,Sunday,Janmashtami,Optional Holiday,2008,3,Religious-Hindu
2008-08-24,Sunday,Birthday of Lord Zoroaster (Khordad Sal),Optional Holiday,2008,5,Religious-Others
2008-09-03,Wednesday,Ganesh Chaturthi,Hindu Holiday,2008,3,Religious-Hindu
2008-09-06,Saturday,Defence Day,Observance,2008,1,Nationalistic
2008-09-22,Monday,September Equinox,Season,2008,7,Nature Season Related
2008-09-30,Tuesday,First Day of Navaratri,Hindu Holiday,2008,3,Religious-Hindu
2008-09-30,Tuesday,Durga Puja,Optional Holiday,2008,3,Religious-Hindu
2008-10-02,Thursday,Eid-ul-Fitr,Public Holiday,2008,2,Religious-Islamic
2008-10-03,Friday,Eid-ul-Fitr Holiday,Public Holiday,2008,2,Religious-Islamic
2008-10-04,Saturday,Eid-ul-Fitr Holiday,Public Holiday,2008,2,Religious-Islamic
2008-10-05,Sunday,Eid-ul-Fitr Holiday,Public Holiday,2008,2,Religious-Islamic
2008-10-09,Thursday,Dussehra,Optional Holiday,2008,3,Religious-Hindu
2008-10-14,Tuesday,Birthday of Guru Balmik Sawami Ji,Optional Holiday,2008,5,Religious-Others
2008-10-28,Tuesday,Diwali/Deepavali,Optional Holiday,2008,3,Religious-Hindu
2008-11-09,Sunday,Iqbal Day,Public Holiday,2008,1,Nationalistic
2008-11-13,Thursday,Guru Nanak's Birthday,Optional Holiday,2008,5,Religious-Others
2008-12-09,Tuesday,Eid al-Adha,Public Holiday,2008,2,Religious-Islamic
2008-12-10,Wednesday,Eid al-Adha Holiday,Public Holiday,2008,2,Religious-Islamic
2008-12-21,Sunday,December Solstice,Season,2008,7,Nature Season Related
2008-12-24,Wednesday,Christmas Eve,Observance,2008,4,Religious-Christian
2008-12-25,Thursday,Christmas Day,Public Holiday,2008,4,Religious-Christian
2008-12-25,Thursday,Quaid-e-Azam Day,Public Holiday,2008,1,Nationalistic
2008-12-26,Friday,Day After Christmas (Christians only),Optional Holiday,2008,4,Religious-Christian
2008-12-27,Saturday,Anniversary of Benazir Bhutto's Martyrdom,Public Holiday,2008,6,Terror/Attack Related
2008-12-31,Wednesday,New Year's Eve,Observance,2008,8,Others
2009-01-01,Thursday,New Year's Day,Optional Holiday,2009,8,Others
2009-01-06,Tuesday,Ashura,Public Holiday,2009,2,Religious-Islamic
2009-01-07,Wednesday,Ashura Holiday,Public Holiday,2009,2,Religious-Islamic
2009-01-31,Saturday,Basant Panchami,Optional Holiday,2009,3,Religious-Hindu
2009-02-05,Thursday,Kashmir Day,Public Holiday,2009,1,Nationalistic
2009-02-16,Monday,Chelum,Optional Holiday,2009,2,Religious-Islamic
2009-03-09,Monday,Eid Milad un-Nabi,Public Holiday,2009,2,Religious-Islamic
2009-03-20,Friday,March Equinox,Season,2009,7,Nature Season Related
2009-03-23,Monday,Pakistan Day,Public Holiday,2009,1,Nationalistic
2009-04-10,Friday,Good Friday,Optional Holiday,2009,4,Religious-Christian
2009-04-12,Sunday,Easter Sunday,Observance,2009,4,Religious-Christian
2009-04-13,Monday,Easter Monday,"Christian, Common local holiday",2009,4,Religious-Christian
2009-04-21,Tuesday,Ridván,Optional Holiday,2009,5,Religious-Others
2009-05-01,Friday,Labour Day,Public Holiday,2009,1,Nationalistic
2009-05-08,Friday,Buddha Purnima,Optional Holiday,2009,5,Religious-Others
2009-06-21,Sunday,June Solstice,Season,2009,7,Nature Season Related
2009-07-20,Monday,Shab e-Meraj,Optional Holiday,2009,2,Religious-Islamic
2009-07-31,Friday,Shab e-Barat,Optional Holiday,2009,2,Religious-Islamic
2009-08-05,Wednesday,Raksha Bandhan,Hindu Holiday,2009,3,Religious-Hindu
2009-08-14,Friday,Independence Day,Public Holiday,2009,1,Nationalistic
2009-08-14,Friday,Janmashtami,Optional Holiday,2009,3,Religious-Hindu
2009-08-23,Sunday,Ganesh Chaturthi,Hindu Holiday,2009,3,Religious-Hindu
2009-08-24,Monday,Birthday of Lord Zoroaster (Khordad Sal),Optional Holiday,2009,5,Religious-Others
2009-09-06,Sunday,Defence Day,Observance,2009,1,Nationalistic
2009-09-19,Saturday,First Day of Navaratri,Hindu Holiday,2009,3,Religious-Hindu
2009-09-21,Monday,Eid-ul-Fitr,Public Holiday,2009,2,Religious-Islamic
2009-09-22,Tuesday,Eid-ul-Fitr Holiday,Public Holiday,2009,2,Religious-Islamic
2009-09-23,Wednesday,Eid-ul-Fitr Holiday,Public Holiday,2009,2,Religious-Islamic
2009-09-23,Wednesday,September Equinox,Season,2009,7,Nature Season Related
2009-09-24,Thursday,Eid-ul-Fitr Holiday,Public Holiday,2009,2,Religious-Islamic
2009-09-24,Thursday,Durga Puja,Optional Holiday,2009,3,Religious-Hindu
2009-10-17,Saturday,Diwali/Deepavali,Optional Holiday,2009,3,Religious-Hindu
2009-11-09,Monday,Iqbal Day,Public Holiday,2009,1,Nationalistic
2009-11-28,Saturday,Eid al-Adha,Public Holiday,2009,2,Religious-Islamic
2009-11-29,Sunday,Eid al-Adha Holiday,Public Holiday,2009,2,Religious-Islamic
2009-12-21,Monday,December Solstice,Season,2009,7,Nature Season Related
2009-12-24,Thursday,Christmas Eve,Observance,2009,4,Religious-Christian
2009-12-25,Friday,Christmas Day,Public Holiday,2009,4,Religious-Christian
2009-12-25,Friday,Quaid-e-Azam Day,Public Holiday,2009,1,Nationalistic
2009-12-26,Saturday,Day After Christmas (Christians only),Optional Holiday,2009,4,Religious-Christian
2009-12-26,Saturday,Ashura,Public Holiday,2009,2,Religious-Islamic
2009-12-27,Sunday,Ashura Holiday,Public Holiday,2009,2,Religious-Islamic
2009-12-31,Thursday,New Year's Eve,Observance,2009,8,Others
2010-01-01,Friday,New Year's Day,Optional Holiday,2010,8,Others
2010-01-31,Sunday,Basant Panchami,Optional Holiday,2010,3,Religious-Hindu
2010-02-05,Friday,Kashmir Day,Public Holiday,2010,1,Nationalistic
2010-02-05,Friday,Chelum,Optional Holiday,2010,2,Religious-Islamic
2010-02-23,Tuesday,Shivaratri,Optional Holiday,2010,3,Religious-Hindu
2010-03-01,Monday,Eid Milad un-Nabi,Public Holiday,2010,2,Religious-Islamic
2010-03-11,Thursday,Holi,Optional Holiday,2010,3,Religious-Hindu
2010-03-12,Friday,Dulhandi,Optional Holiday,2010,3,Religious-Hindu
2010-03-20,Saturday,March Equinox,Season,2010,7,Nature Season Related
2010-03-23,Tuesday,Pakistan Day,Public Holiday,2010,1,Nationalistic
2010-04-02,Friday,Good Friday,Optional Holiday,2010,4,Religious-Christian
2010-04-04,Sunday,Easter Sunday,Observance,2010,4,Religious-Christian
2010-04-05,Monday,Easter Monday,"Christian, Common local holiday",2010,4,Religious-Christian
2010-04-14,Wednesday,Baisakhi,Optional Holiday,2010,3,Religious-Hindu
2010-04-21,Wednesday,Ridván,Optional Holiday,2010,5,Religious-Others
2010-05-01,Saturday,Labour Day,Public Holiday,2010,1,Nationalistic
2010-05-27,Thursday,Buddha Purnima,Optional Holiday,2010,5,Religious-Others
2010-06-21,Monday,June Solstice,Season,2010,7,Nature Season Related
2010-07-09,Friday,Shab e-Meraj,Optional Holiday,2010,2,Religious-Islamic
2010-07-20,Tuesday,Shab e-Barat,Optional Holiday,2010,2,Religious-Islamic
2010-08-14,Saturday,Independence Day,Public Holiday,2010,1,Nationalistic
2010-08-19,Thursday,Nauroz,Optional Holiday,2010,5,Religious-Others
2010-08-24,Tuesday,Raksha Bandhan,Hindu Holiday,2010,3,Religious-Hindu
2010-08-24,Tuesday,Birthday of Lord Zoroaster (Khordad Sal),Optional Holiday,2010,5,Religious-Others
2010-09-02,Thursday,Janmashtami,Optional Holiday,2010,3,Religious-Hindu
2010-09-06,Monday,Defence Day,Observance,2010,1,Nationalistic
2010-09-10,Friday,Eid-ul-Fitr,Public Holiday,2010,2,Religious-Islamic
2010-09-11,Saturday,Ganesh Chaturthi,Hindu Holiday,2010,3,Religious-Hindu
2010-09-11,Saturday,Eid-ul-Fitr Holiday,Public Holiday,2010,2,Religious-Islamic
2010-09-12,Sunday,Eid-ul-Fitr Holiday,Public Holiday,2010,2,Religious-Islamic
2010-09-13,Monday,Eid-ul-Fitr Holiday,Public Holiday,2010,2,Religious-Islamic
2010-09-23,Thursday,September Equinox,Season,2010,7,Nature Season Related
2010-10-02,Saturday,Durga Puja,Optional Holiday,2010,3,Religious-Hindu
2010-10-08,Friday,First Day of Navaratri,Hindu Holiday,2010,3,Religious-Hindu
2010-10-17,Sunday,Dussehra,Optional Holiday,2010,3,Religious-Hindu
2010-10-22,Friday,Birthday of Guru Balmik Sawami Ji,Optional Holiday,2010,5,Religious-Others
2010-11-05,Friday,Diwali/Deepavali,Optional Holiday,2010,3,Religious-Hindu
2010-11-09,Tuesday,Iqbal Day,Public Holiday,2010,1,Nationalistic
2010-11-17,Wednesday,Eid al-Adha,Public Holiday,2010,2,Religious-Islamic
2010-11-18,Thursday,Eid al-Adha Holiday,Public Holiday,2010,2,Religious-Islamic
2010-11-21,Sunday,Guru Nanak's Birthday,Optional Holiday,2010,5,Religious-Others
2010-12-16,Thursday,Ashura,Public Holiday,2010,2,Religious-Islamic
2010-12-17,Friday,Ashura Holiday,Public Holiday,2010,2,Religious-Islamic
2010-12-22,Wednesday,December Solstice,Season,2010,7,Nature Season Related
2010-12-24,Friday,Christmas Eve,Observance,2010,4,Religious-Christian
2010-12-25,Saturday,Christmas Day,Public Holiday,2010,4,Religious-Christian
2010-12-25,Saturday,Quaid-e-Azam Day,Public Holiday,2010,1,Nationalistic
2010-12-26,Sunday,Day After Christmas (Christians only),Optional Holiday,2010,4,Religious-Christian
2010-12-31,Friday,New Year's Eve,Observance,2010,8,Others
2011-01-01,Saturday,New Year's Day,Optional Holiday,2011,8,Others
2011-01-26,Wednesday,Chelum,Optional Holiday,2011,2,Religious-Islamic
2011-02-05,Saturday,Kashmir Day,Public Holiday,2011,1,Nationalistic
2011-02-08,Tuesday,Basant Panchami,Optional Holiday,2011,3,Religious-Hindu
2011-02-17,Thursday,Eid Milad un-Nabi,Public Holiday,2011,2,Religious-Islamic
2011-03-02,Wednesday,Shivaratri,Optional Holiday,2011,3,Religious-Hindu
2011-03-20,Sunday,Holi,Optional Holiday,2011,3,Religious-Hindu
2011-03-21,Monday,March Equinox,Season,2011,7,Nature Season Related
2011-03-23,Wednesday,Pakistan Day,Public Holiday,2011,1,Nationalistic
2011-04-14,Thursday,Baisakhi,Optional Holiday,2011,3,Religious-Hindu
2011-04-21,Thursday,Ridván,Optional Holiday,2011,5,Religious-Others
2011-04-22,Friday,Good Friday,Optional Holiday,2011,4,Religious-Christian
2011-04-24,Sunday,Easter Sunday,Observance,2011,4,Religious-Christian
2011-04-25,Monday,Easter Monday,"Christian, Common local holiday",2011,4,Religious-Christian
2011-05-01,Sunday,Labour Day,Public Holiday,2011,1,Nationalistic
2011-05-17,Tuesday,Buddha Purnima,Optional Holiday,2011,5,Religious-Others
2011-06-21,Tuesday,June Solstice,Season,2011,7,Nature Season Related
2011-06-29,Wednesday,Shab e-Meraj,Optional Holiday,2011,2,Religious-Islamic
2011-07-10,Sunday,Shab e-Barat,Optional Holiday,2011,2,Religious-Islamic
2011-08-13,Saturday,Raksha Bandhan,Hindu Holiday,2011,3,Religious-Hindu
2011-08-14,Sunday,Independence Day,Public Holiday,2011,1,Nationalistic
2011-08-19,Friday,Nauroz,Optional Holiday,2011,5,Religious-Others
2011-08-22,Monday,Janmashtami,Optional Holiday,2011,3,Religious-Hindu
2011-08-24,Wednesday,Birthday of Lord Zoroaster (Khordad Sal),Optional Holiday,2011,5,Religious-Others
2011-08-31,Wednesday,Eid-ul-Fitr,Public Holiday,2011,2,Religious-Islamic
2011-09-01,Thursday,Ganesh Chaturthi,Hindu Holiday,2011,3,Religious-Hindu
2011-09-01,Thursday,Eid-ul-Fitr Holiday,Public Holiday,2011,2,Religious-Islamic
2011-09-02,Friday,Eid-ul-Fitr Holiday,Public Holiday,2011,2,Religious-Islamic
2011-09-03,Saturday,Eid-ul-Fitr Holiday,Public Holiday,2011,2,Religious-Islamic
2011-09-06,Tuesday,Defence Day,Observance,2011,1,Nationalistic
2011-09-23,Friday,September Equinox,Season,2011,7,Nature Season Related
2011-09-28,Wednesday,First Day of Navaratri,Hindu Holiday,2011,3,Religious-Hindu
2011-09-28,Wednesday,Durga Puja,Optional Holiday,2011,3,Religious-Hindu
2011-10-06,Thursday,Dussehra,Optional Holiday,2011,3,Religious-Hindu
2011-10-12,Wednesday,Birthday of Guru Balmik Sawami Ji,Optional Holiday,2011,5,Religious-Others
2011-10-26,Wednesday,Diwali/Deepavali,Optional Holiday,2011,3,Religious-Hindu
2011-11-07,Monday,Eid al-Adha,Public Holiday,2011,2,Religious-Islamic
2011-11-08,Tuesday,Eid al-Adha Holiday,Public Holiday,2011,2,Religious-Islamic
2011-11-09,Wednesday,Iqbal Day,Public Holiday,2011,1,Nationalistic
2011-11-10,Thursday,Guru Nanak's Birthday,Optional Holiday,2011,5,Religious-Others
2011-12-05,Monday,Ashura,Public Holiday,2011,2,Religious-Islamic
2011-12-06,Tuesday,Ashura Holiday,Public Holiday,2011,2,Religious-Islamic
2011-12-22,Thursday,December Solstice,Season,2011,7,Nature Season Related
2011-12-24,Saturday,Christmas Eve,Observance,2011,4,Religious-Christian
2011-12-25,Sunday,Christmas Day,Public Holiday,2011,4,Religious-Christian
2011-12-25,Sunday,Quaid-e-Azam Day,Public Holiday,2011,1,Nationalistic
2011-12-26,Monday,Day After Christmas (Christians only),Optional Holiday,2011,4,Religious-Christian
2011-12-31,Saturday,New Year's Eve,Observance,2011,8,Others
2012-01-01,Sunday,New Year's Day,Optional Holiday,2012,8,Others
2012-01-15,Sunday,Chelum,Optional Holiday,2012,2,Religious-Islamic
2012-01-28,Saturday,Basant Panchami,Observance,2012,3,Religious-Hindu
2012-02-05,Sunday,Kashmir Day,Public Holiday,2012,1,Nationalistic
2012-02-05,Sunday,Eid Milad un-Nabi,Public Holiday,2012,2,Religious-Islamic
2012-02-20,Monday,Shivaratri,Hindu Holiday,2012,3,Religious-Hindu
2012-03-08,Thursday,Holi,Observance,2012,3,Religious-Hindu
2012-03-20,Tuesday,March Equinox,Season,2012,7,Nature Season Related
2012-03-23,Friday,Pakistan Day,Public Holiday,2012,1,Nationalistic
2012-04-06,Friday,Good Friday,Optional Holiday,2012,4,Religious-Christian
2012-04-08,Sunday,Easter Sunday,Observance,2012,4,Religious-Christian
2012-04-09,Monday,Easter Monday,"Christian, Common local holiday",2012,4,Religious-Christian
2012-04-13,Friday,Baisakhi,Optional Holiday,2012,3,Religious-Hindu
2012-04-21,Saturday,Ridván,Optional Holiday,2012,5,Religious-Others
2012-05-01,Tuesday,Labour Day,Public Holiday,2012,1,Nationalistic
2012-05-06,Sunday,Buddha Purnima,Optional Holiday,2012,5,Religious-Others
2012-06-17,Sunday,Shab e-Meraj,Optional Holiday,2012,2,Religious-Islamic
2012-06-21,Thursday,June Solstice,Season,2012,7,Nature Season Related
2012-06-28,Thursday,Shab e-Barat,Optional Holiday,2012,2,Religious-Islamic
2012-08-02,Thursday,Raksha Bandhan,Hindu Holiday,2012,3,Religious-Hindu
2012-08-10,Friday,Janmashtami,Optional Holiday,2012,3,Religious-Hindu
2012-08-14,Tuesday,Independence Day,Public Holiday,2012,1,Nationalistic
2012-08-18,Saturday,Nauroz,Optional Holiday,2012,5,Religious-Others
2012-08-19,Sunday,Eid-ul-Fitr,Public Holiday,2012,2,Religious-Islamic
2012-08-20,Monday,Eid-ul-Fitr Holiday,Public Holiday,2012,2,Religious-Islamic
2012-08-21,Tuesday,Eid-ul-Fitr Holiday,Public Holiday,2012,2,Religious-Islamic
2012-08-22,Wednesday,Eid-ul-Fitr Holiday,Public Holiday,2012,2,Religious-Islamic
2012-08-23,Thursday,Birthday of Lord Zoroaster (Khordad Sal),Optional Holiday,2012,5,Religious-Others
2012-09-06,Thursday,Defence Day,Observance,2012,1,Nationalistic
2012-09-19,Wednesday,Ganesh Chaturthi,Hindu Holiday,2012,3,Religious-Hindu
2012-09-22,Saturday,September Equinox,Season,2012,7,Nature Season Related
2012-10-16,Tuesday,First Day of Navaratri,Hindu Holiday,2012,3,Religious-Hindu
2012-10-16,Tuesday,Durga Puja,Optional Holiday,2012,3,Religious-Hindu
2012-10-24,Wednesday,Dussehra,Optional Holiday,2012,3,Religious-Hindu
2012-10-26,Friday,Eid al-Adha,Public Holiday,2012,2,Religious-Islamic
2012-10-27,Saturday,Eid al-Adha Holiday,Public Holiday,2012,2,Religious-Islamic
2012-10-29,Monday,Birthday of Guru Balmik Sawami Ji,Optional Holiday,2012,5,Religious-Others
2012-11-09,Friday,Iqbal Day,Public Holiday,2012,1,Nationalistic
2012-11-13,Tuesday,Diwali/Deepavali,Optional Holiday,2012,3,Religious-Hindu
2012-11-23,Friday,Ashura,Public Holiday,2012,2,Religious-Islamic
2012-11-24,Saturday,Ashura Holiday,Public Holiday,2012,2,Religious-Islamic
2012-11-28,Wednesday,Guru Nanak's Birthday,Optional Holiday,2012,5,Religious-Others
2012-12-21,Friday,December Solstice,Season,2012,7,Nature Season Related
2012-12-24,Monday,Christmas Eve,Observance,2012,4,Religious-Christian
2012-12-25,Tuesday,Christmas Day,Public Holiday,2012,4,Religious-Christian
2012-12-25,Tuesday,Quaid-e-Azam Day,Public Holiday,2012,1,Nationalistic
2012-12-26,Wednesday,Day After Christmas (Christians only),Optional Holiday,2012,4,Religious-Christian
2012-12-31,Monday,New Year's Eve,Observance,2012,8,Others
2013-01-01,Tuesday,New Year's Day,Optional Holiday,2013,8,Others
2013-01-03,Thursday,Chelum,Optional Holiday,2013,2,Religious-Islamic
2013-01-24,Thursday,Eid Milad un-Nabi,Public Holiday,2013,2,Religious-Islamic
2013-02-05,Tuesday,Kashmir Day,Public Holiday,2013,1,Nationalistic
2013-02-14,Thursday,Basant Panchami,Optional Holiday,2013,3,Religious-Hindu
2013-02-22,Friday,Giarhwin Sharief,Optional Holiday,2013,2,Religious-Islamic
2013-03-10,Sunday,Shivaratri,Optional Holiday,2013,3,Religious-Hindu
2013-03-20,Wednesday,March Equinox,Season,2013,7,Nature Season Related
2013-03-23,Saturday,Pakistan Day,Public Holiday,2013,1,Nationalistic
2013-03-26,Tuesday,Holi,Optional Holiday,2013,3,Religious-Hindu
2013-03-27,Wednesday,Dulhandi,Optional Holiday,2013,3,Religious-Hindu
2013-03-29,Friday,Good Friday,Optional Holiday,2013,4,Religious-Christian
2013-03-31,Sunday,Easter Sunday,Observance,2013,4,Religious-Christian
2013-04-01,Monday,Easter Monday,"Christian, Common local holiday",2013,4,Religious-Christian
2013-04-13,Saturday,Baisakhi,Optional Holiday,2013,3,Religious-Hindu
2013-04-21,Sunday,Ridván,Optional Holiday,2013,5,Religious-Others
2013-05-01,Wednesday,Labour Day,Public Holiday,2013,1,Nationalistic
2013-05-25,Saturday,Buddha Purnima,Optional Holiday,2013,5,Religious-Others
2013-06-06,Thursday,Shab e-Meraj,Optional Holiday,2013,2,Religious-Islamic
2013-06-17,Monday,Shab e-Barat,Optional Holiday,2013,2,Religious-Islamic
2013-06-21,Friday,June Solstice,Season,2013,7,Nature Season Related
2013-07-01,Monday,July 1 Bank Holiday,Bank Holiday,2013,8,Others
2013-07-11,Thursday,July 11 Bank Holiday,Bank Holiday,2013,8,Others
2013-08-08,Thursday,Eid-ul-Fitr,Public Holiday,2013,2,Religious-Islamic
2013-08-09,Friday,Eid-ul-Fitr Holiday,Public Holiday,2013,2,Religious-Islamic
2013-08-10,Saturday,Eid-ul-Fitr Holiday,Public Holiday,2013,2,Religious-Islamic
2013-08-11,Sunday,Eid-ul-Fitr Holiday,Public Holiday,2013,2,Religious-Islamic
2013-08-14,Wednesday,Independence Day,Public Holiday,2013,1,Nationalistic
2013-08-18,Sunday,Nauroz,Optional Holiday,2013,5,Religious-Others
2013-08-20,Tuesday,Raksha Bandhan,Hindu Holiday,2013,3,Religious-Hindu
2013-08-23,Friday,Birthday of Lord Zoroaster (Khordad Sal),Optional Holiday,2013,5,Religious-Others
2013-08-28,Wednesday,Janmashtami,Optional Holiday,2013,3,Religious-Hindu
2013-09-06,Friday,Defence Day,Observance,2013,1,Nationalistic
2013-09-09,Monday,Ganesh Chaturthi,Hindu Holiday,2013,3,Religious-Hindu
2013-09-23,Monday,September Equinox,Season,2013,7,Nature Season Related
2013-10-05,Saturday,First Day of Navaratri,Hindu Holiday,2013,3,Religious-Hindu
2013-10-05,Saturday,Durga Puja,Optional Holiday,2013,3,Religious-Hindu
2013-10-14,Monday,Dussehra,Optional Holiday,2013,3,Religious-Hindu
2013-10-15,Tuesday,Eid al-Adha,Public Holiday,2013,2,Religious-Islamic
2013-10-16,Wednesday,Eid al-Adha Holiday,Public Holiday,2013,2,Religious-Islamic
2013-10-18,Friday,Birthday of Guru Balmik Sawami Ji,Optional Holiday,2013,5,Religious-Others
2013-11-03,Sunday,Diwali/Deepavali,Optional Holiday,2013,3,Religious-Hindu
2013-11-09,Saturday,Iqbal Day,Public Holiday,2013,1,Nationalistic
2013-11-13,Wednesday,Ashura,Public Holiday,2013,2,Religious-Islamic
2013-11-14,Thursday,Ashura Holiday,Public Holiday,2013,2,Religious-Islamic
2013-11-17,Sunday,Guru Nanak's Birthday,Optional Holiday,2013,5,Religious-Others
2013-12-21,Saturday,December Solstice,Season,2013,7,Nature Season Related
2013-12-24,Tuesday,Christmas Eve,Observance,2013,4,Religious-Christian
2013-12-24,Tuesday,Chelum,Optional Holiday,2013,2,Religious-Islamic
2013-12-25,Wednesday,Christmas Day,Public Holiday,2013,4,Religious-Christian
2013-12-25,Wednesday,Quaid-e-Azam Day,Public Holiday,2013,1,Nationalistic
2013-12-26,Thursday,Day After Christmas (Christians only),Optional Holiday,2013,4,Religious-Christian
2013-12-31,Tuesday,New Year's Eve,Observance,2013,8,Others
2014-01-01,Wednesday,New Year's Day,Optional Holiday,2014,8,Others
2014-01-14,Tuesday,Eid Milad un-Nabi,Public Holiday,2014,2,Religious-Islamic
2014-02-04,Tuesday,Basant Panchami,Optional Holiday,2014,3,Religious-Hindu
2014-02-05,Wednesday,Kashmir Day,Public Holiday,2014,1,Nationalistic
2014-02-11,Tuesday,Giarhwin Sharief,Optional Holiday,2014,2,Religious-Islamic
2014-02-27,Thursday,Shivaratri,Optional Holiday,2014,3,Religious-Hindu
2014-03-16,Sunday,Holi,Optional Holiday,2014,3,Religious-Hindu
2014-03-17,Monday,Dulhandi,Optional Holiday,2014,3,Religious-Hindu
2014-03-20,Thursday,March Equinox,Season,2014,7,Nature Season Related
2014-03-23,Sunday,Pakistan Day,Public Holiday,2014,1,Nationalistic
2014-04-14,Monday,Baisakhi,Optional Holiday,2014,3,Religious-Hindu
2014-04-18,Friday,Good Friday,Optional Holiday,2014,4,Religious-Christian
2014-04-20,Sunday,Easter Sunday,Observance,2014,4,Religious-Christian
2014-04-21,Monday,Easter Monday,"Christian, Common local holiday",2014,4,Religious-Christian
2014-04-21,Monday,Ridván,Optional Holiday,2014,5,Religious-Others
2014-05-01,Thursday,Labour Day,Public Holiday,2014,1,Nationalistic
2014-05-14,Wednesday,Buddha Purnima,Optional Holiday,2014,5,Religious-Others
2014-05-27,Tuesday,Shab e-Meraj,Optional Holiday,2014,2,Religious-Islamic
2014-06-14,Saturday,Shab e-Barat,Optional Holiday,2014,2,Religious-Islamic
2014-06-21,Saturday,June Solstice,Season,2014,7,Nature Season Related
2014-07-01,Tuesday,July 1 Bank Holiday,Bank Holiday,2014,8,Others
2014-07-29,Tuesday,Eid-ul-Fitr,Public Holiday,2014,2,Religious-Islamic
2014-07-30,Wednesday,Eid-ul-Fitr Holiday,Public Holiday,2014,2,Religious-Islamic
2014-07-31,Thursday,Eid-ul-Fitr Holiday,Public Holiday,2014,2,Religious-Islamic
2014-08-01,Friday,Eid-ul-Fitr Holiday,Public Holiday,2014,2,Religious-Islamic
2014-08-10,Sunday,Raksha Bandhan,Hindu Holiday,2014,3,Religious-Hindu
2014-08-14,Thursday,Independence Day,Public Holiday,2014,1,Nationalistic
2014-08-17,Sunday,Janmashtami,Optional Holiday,2014,3,Religious-Hindu
2014-08-18,Monday,Nauroz,Optional Holiday,2014,5,Religious-Others
2014-08-23,Saturday,Birthday of Lord Zoroaster (Khordad Sal),Optional Holiday,2014,5,Religious-Others
2014-08-29,Friday,Ganesh Chaturthi,Hindu Holiday,2014,3,Religious-Hindu
2014-09-06,Saturday,Defence Day,Observance,2014,1,Nationalistic
2014-09-23,Tuesday,September Equinox,Season,2014,7,Nature Season Related
2014-09-25,Thursday,First Day of Navaratri,Hindu Holiday,2014,3,Religious-Hindu
2014-09-25,Thursday,Durga Puja,Optional Holiday,2014,3,Religious-Hindu
2014-10-03,Friday,Dussehra,Optional Holiday,2014,3,Religious-Hindu
2014-10-06,Monday,Eid al-Adha,Public Holiday,2014,2,Religious-Islamic
2014-10-07,Tuesday,Eid al-Adha Holiday,Public Holiday,2014,2,Religious-Islamic
2014-10-08,Wednesday,Eid al-Adha Holiday,Public Holiday,2014,2,Religious-Islamic
2014-10-08,Wednesday,Birthday of Guru Balmik Sawami Ji,Optional Holiday,2014,5,Religious-Others
2014-10-23,Thursday,Diwali/Deepavali,Optional Holiday,2014,3,Religious-Hindu
2014-11-03,Monday,Ashura,Public Holiday,2014,2,Religious-Islamic
2014-11-04,Tuesday,Ashura Holiday,Public Holiday,2014,2,Religious-Islamic
2014-11-06,Thursday,Guru Nanak's Birthday,Optional Holiday,2014,5,Religious-Others
2014-11-09,Sunday,Iqbal Day,Public Holiday,2014,1,Nationalistic
2014-12-13,Saturday,Chelum,Optional Holiday,2014,2,Religious-Islamic
2014-12-22,Monday,December Solstice,Season,2014,7,Nature Season Related
2014-12-24,Wednesday,Christmas Eve,Observance,2014,4,Religious-Christian
2014-12-25,Thursday,Christmas Day,Public Holiday,2014,4,Religious-Christian
2014-12-25,Thursday,Quaid-e-Azam Day,Public Holiday,2014,1,Nationalistic
2014-12-26,Friday,Day After Christmas (Christians only),Optional Holiday,2014,4,Religious-Christian
2014-12-31,Wednesday,New Year's Eve,Observance,2014,8,Others
2015-01-01,Thursday,New Year's Day,Optional Holiday,2015,8,Others
2015-01-04,Sunday,Eid Milad un-Nabi,Public Holiday,2015,2,Religious-Islamic
2015-01-20,Tuesday,Peshawar Massacre Remembrance Day,Common local holiday,2015,6,Terror/Attack Related
2015-01-24,Saturday,Basant Panchami,Optional Holiday,2015,3,Religious-Hindu
2015-01-31,Saturday,Giarhwin Sharief,Optional Holiday,2015,2,Religious-Islamic
2015-02-05,Thursday,Kashmir Day,Public Holiday,2015,1,Nationalistic
2015-02-17,Tuesday,Shivaratri,Optional Holiday,2015,3,Religious-Hindu
2015-03-05,Thursday,Holi,Optional Holiday,2015,3,Religious-Hindu
2015-03-06,Friday,Dulhandi,Optional Holiday,2015,3,Religious-Hindu
2015-03-21,Saturday,March Equinox,Season,2015,7,Nature Season Related
2015-03-23,Monday,Pakistan Day,Public Holiday,2015,1,Nationalistic
2015-04-03,Friday,Good Friday,Optional Holiday,2015,4,Religious-Christian
2015-04-05,Sunday,Easter Sunday,Observance,2015,4,Religious-Christian
2015-04-06,Monday,Easter Monday,"Christian, Common local holiday",2015,4,Religious-Christian
2015-04-14,Tuesday,Baisakhi,Optional Holiday,2015,3,Religious-Hindu
2015-04-21,Tuesday,Ridván,Optional Holiday,2015,5,Religious-Others
2015-05-01,Friday,Labour Day,Public Holiday,2015,1,Nationalistic
2015-05-04,Monday,Buddha Purnima,Optional Holiday,2015,5,Religious-Others
2015-05-16,Saturday,Shab e-Meraj,Optional Holiday,2015,2,Religious-Islamic
2015-05-27,Wednesday,Shab e-Barat,Optional Holiday,2015,2,Religious-Islamic
2015-06-21,Sunday,June Solstice,Season,2015,7,Nature Season Related
2015-07-01,Wednesday,July 1 Bank Holiday,Bank Holiday,2015,8,Others
2015-07-17,Friday,Eid-ul-Fitr,Public Holiday,2015,2,Religious-Islamic
2015-07-18,Saturday,Eid-ul-Fitr Holiday,Public Holiday,2015,2,Religious-Islamic
2015-07-19,Sunday,Eid-ul-Fitr Holiday,Public Holiday,2015,2,Religious-Islamic
2015-07-20,Monday,Eid-ul-Fitr Holiday,Public Holiday,2015,2,Religious-Islamic
2015-08-14,Friday,Independence Day,Public Holiday,2015,1,Nationalistic
2015-08-18,Tuesday,Nauroz,Optional Holiday,2015,5,Religious-Others
2015-08-23,Sunday,Birthday of Lord Zoroaster (Khordad Sal),Optional Holiday,2015,5,Religious-Others
2015-08-29,Saturday,Raksha Bandhan,Hindu Holiday,2015,3,Religious-Hindu
2015-09-05,Saturday,Janmashtami,Optional Holiday,2015,3,Religious-Hindu
2015-09-06,Sunday,Defence Day,Observance,2015,1,Nationalistic
2015-09-17,Thursday,Ganesh Chaturthi,Hindu Holiday,2015,3,Religious-Hindu
2015-09-23,Wednesday,September Equinox,Season,2015,7,Nature Season Related
2015-09-24,Thursday,Eid al-Adha,Public Holiday,2015,2,Religious-Islamic
2015-09-25,Friday,Eid al-Adha Holiday,Public Holiday,2015,2,Religious-Islamic
2015-09-26,Saturday,Eid al-Adha Holiday,Public Holiday,2015,2,Religious-Islamic
2015-09-27,Sunday,Eid al-Adha Holiday,Public Holiday,2015,2,Religious-Islamic
2015-10-14,Wednesday,First Day of Navaratri,Hindu Holiday,2015,3,Religious-Hindu
2015-10-18,Sunday,Durga Puja,Optional Holiday,2015,3,Religious-Hindu
2015-10-22,Thursday,Dussehra,Optional Holiday,2015,3,Religious-Hindu
2015-10-23,Friday,Ashura,Public Holiday,2015,2,Religious-Islamic
2015-10-24,Saturday,Ashura Holiday,Public Holiday,2015,2,Religious-Islamic
2015-10-27,Tuesday,Birthday of Guru Balmik Sawami Ji,Optional Holiday,2015,5,Religious-Others
2015-11-09,Monday,Iqbal Day,Optional Holiday,2015,1,Nationalistic
2015-11-11,Wednesday,Diwali/Deepavali,Optional Holiday,2015,3,Religious-Hindu
2015-11-25,Wednesday,Guru Nanak's Birthday,Optional Holiday,2015,5,Religious-Others
2015-12-03,Thursday,Chelum,Optional Holiday,2015,2,Religious-Islamic
2015-12-16,Wednesday,APS Attacks Commemoration Day,Common local holiday,2015,6,Terror/Attack Related
2015-12-22,Tuesday,December Solstice,Season,2015,7,Nature Season Related
2015-12-24,Thursday,Christmas Eve,Observance,2015,4,Religious-Christian
2015-12-25,Friday,Christmas Day,Public Holiday,2015,4,Religious-Christian
2015-12-25,Friday,Quaid-e-Azam Day,Public Holiday,2015,1,Nationalistic
2015-12-26,Saturday,Day After Christmas (Christians only),Optional Holiday,2015,4,Religious-Christian
2015-12-31,Thursday,New Year's Eve,Observance,2015,8,Others
2016-01-01,Friday,New Year's Day,Optional Holiday,2016,8,Others
2016-01-22,Friday,Giarhwin Sharief,Optional Holiday,2016,2,Religious-Islamic
2016-02-05,Friday,Kashmir Day,Public Holiday,2016,1,Nationalistic
2016-02-12,Friday,Basant Panchami,Optional Holiday,2016,3,Religious-Hindu
2016-03-07,Monday,Shivaratri,Optional Holiday,2016,3,Religious-Hindu
2016-03-20,Sunday,March Equinox,Season,2016,7,Nature Season Related
2016-03-23,Wednesday,Pakistan Day,Public Holiday,2016,1,Nationalistic
2016-03-24,Thursday,Holi,"National holiday, Hinduism",2016,3,Religious-Hindu
2016-03-25,Friday,Good Friday,Optional Holiday,2016,4,Religious-Christian
2016-03-27,Sunday,Easter Sunday,Observance,2016,4,Religious-Christian
2016-03-28,Monday,Easter Monday,Optional Holiday,2016,4,Religious-Christian
2016-04-13,Wednesday,Baisakhi,Optional Holiday,2016,3,Religious-Hindu
2016-04-21,Thursday,Ridván,Optional Holiday,2016,5,Religious-Others
2016-04-23,Saturday,Union Parishad polls,National holiday,2016,8,Others
2016-05-01,Sunday,Labour Day,Public Holiday,2016,1,Nationalistic
2016-05-05,Thursday,Shab e-Meraj,Optional Holiday,2016,2,Religious-Islamic
2016-05-07,Saturday,Union Parishad polls,National holiday,2016,8,Others
2016-05-16,Monday,Shab e-Barat,Optional Holiday,2016,2,Religious-Islamic
2016-05-21,Saturday,Buddha Purnima,Optional Holiday,2016,5,Religious-Others
2016-06-21,Tuesday,June Solstice,Season,2016,7,Nature Season Related
2016-07-01,Friday,July 1 Bank Holiday,Bank Holiday,2016,8,Others
2016-07-05,Tuesday,Eid-ul-Fitr Holiday,Public Holiday,2016,2,Religious-Islamic
2016-07-06,Wednesday,Eid-ul-Fitr,Public Holiday,2016,2,Religious-Islamic
2016-07-07,Thursday,Eid-ul-Fitr Holiday,Public Holiday,2016,2,Religious-Islamic
2016-07-08,Friday,Eid-ul-Fitr Holiday,Public Holiday,2016,2,Religious-Islamic
2016-07-09,Saturday,Eid-ul-Fitr Holiday,Public Holiday,2016,2,Religious-Islamic
2016-07-10,Sunday,Eid-ul-Fitr Holiday,Public Holiday,2016,2,Religious-Islamic
2016-08-14,Sunday,Independence Day,Public Holiday,2016,1,Nationalistic
2016-08-17,Wednesday,Nauroz,Optional Holiday,2016,5,Religious-Others
2016-08-18,Thursday,Raksha Bandhan,Hindu Holiday,2016,3,Religious-Hindu
2016-08-25,Thursday,Janmashtami,Optional Holiday,2016,3,Religious-Hindu
2016-09-05,Monday,Ganesh Chaturthi,Hindu Holiday,2016,3,Religious-Hindu
2016-09-06,Tuesday,Defence Day,Observance,2016,1,Nationalistic
2016-09-12,Monday,Eid al-Adha,Public Holiday,2016,2,Religious-Islamic
2016-09-13,Tuesday,Eid al-Adha Holiday,Public Holiday,2016,2,Religious-Islamic
2016-09-14,Wednesday,Eid al-Adha Holiday,Public Holiday,2016,2,Religious-Islamic
2016-09-22,Thursday,September Equinox,Season,2016,7,Nature Season Related
2016-10-01,Saturday,Durga Puja,Optional Holiday,2016,3,Religious-Hindu
2016-10-02,Sunday,First Day of Navaratri,Hindu Holiday,2016,3,Religious-Hindu
2016-10-11,Tuesday,Ashura,Public Holiday,2016,2,Religious-Islamic
2016-10-11,Tuesday,Dussehra,Optional Holiday,2016,3,Religious-Hindu
2016-10-12,Wednesday,Ashura Holiday,Public Holiday,2016,2,Religious-Islamic
2016-10-15,Saturday,Birthday of Guru Balmik Sawami Ji,Optional Holiday,2016,5,Religious-Others
2016-10-30,Sunday,Diwali/Deepavali,Optional Holiday,2016,3,Religious-Hindu
2016-11-09,Wednesday,Iqbal Day,Observance,2016,1,Nationalistic
2016-11-14,Monday,Guru Nanak's Birthday,Optional Holiday,2016,5,Religious-Others
2016-11-21,Monday,Chelum,Optional Holiday,2016,2,Religious-Islamic
2016-12-12,Monday,Eid Milad un-Nabi,Public Holiday,2016,2,Religious-Islamic
2016-12-21,Wednesday,December Solstice,Season,2016,7,Nature Season Related
2016-12-24,Saturday,Christmas Eve,Observance,2016,4,Religious-Christian
2016-12-25,Sunday,Christmas Day,Public Holiday,2016,4,Religious-Christian
2016-12-25,Sunday,Quaid-e-Azam Day,Public Holiday,2016,1,Nationalistic
2016-12-26,Monday,Day After Christmas (Christians only),Optional Holiday,2016,4,Religious-Christian
2016-12-31,Saturday,New Year's Eve,Observance,2016,8,Others
2017-01-01,Sunday,New Year's Day,Optional Holiday,2017,8,Others
2017-01-30,Monday,Giarhwin Sharief,Optional Holiday,2017,2,Religious-Islamic
2017-02-01,Wednesday,Basant Panchami,Optional Holiday,2017,3,Religious-Hindu
2017-02-05,Sunday,Kashmir Day,Public Holiday,2017,1,Nationalistic
2017-02-24,Friday,Shivaratri,Optional Holiday,2017,3,Religious-Hindu
2017-03-13,Monday,Holi,"National holiday, Hinduism",2017,3,Religious-Hindu
2017-03-20,Monday,March Equinox,Season,2017,7,Nature Season Related
2017-03-23,Thursday,Pakistan Day,Public Holiday,2017,1,Nationalistic
2017-04-14,Friday,Good Friday,Optional Holiday,2017,4,Religious-Christian
2017-04-14,Friday,Baisakhi,Optional Holiday,2017,3,Religious-Hindu
2017-04-16,Sunday,Easter Sunday,Observance,2017,4,Religious-Christian
2017-04-17,Monday,Easter Monday,Optional Holiday,2017,4,Religious-Christian
2017-04-21,Friday,Ridván,Optional Holiday,2017,5,Religious-Others
2017-04-24,Monday,Shab e-Meraj,Optional Holiday,2017,2,Religious-Islamic
2017-05-01,Monday,Labour Day,Public Holiday,2017,1,Nationalistic
2017-05-05,Friday,Shab e-Barat,Optional Holiday,2017,2,Religious-Islamic
2017-05-10,Wednesday,Buddha Purnima,Optional Holiday,2017,5,Religious-Others
2017-06-21,Wednesday,June Solstice,Season,2017,7,Nature Season Related
2017-06-26,Monday,Eid-ul-Fitr,Public Holiday,2017,2,Religious-Islamic
2017-06-27,Tuesday,Eid-ul-Fitr Holiday,Public Holiday,2017,2,Religious-Islamic
2017-06-28,Wednesday,Eid-ul-Fitr Holiday,Public Holiday,2017,2,Religious-Islamic
2017-06-29,Thursday,Eid-ul-Fitr Holiday,Public Holiday,2017,2,Religious-Islamic
2017-07-01,Saturday,July 1 Bank Holiday,Bank Holiday,2017,8,Others
2017-08-07,Monday,Raksha Bandhan,Hindu Holiday,2017,3,Religious-Hindu
2017-08-14,Monday,Independence Day,Public Holiday,2017,1,Nationalistic
2017-08-14,Monday,Janmashtami,Optional Holiday,2017,3,Religious-Hindu
2017-08-17,Thursday,Nauroz,Optional Holiday,2017,5,Religious-Others
2017-08-22,Tuesday,Birthday of Lord Zoroaster (Khordad Sal),Optional Holiday,2017,5,Religious-Others
2017-08-25,Friday,Ganesh Chaturthi,Hindu Holiday,2017,3,Religious-Hindu
2017-09-02,Saturday,Eid al-Adha,Public Holiday,2017,2,Religious-Islamic
2017-09-03,Sunday,Eid al-Adha Holiday,Public Holiday,2017,2,Religious-Islamic
2017-09-04,Monday,Eid al-Adha Holiday,Public Holiday,2017,2,Religious-Islamic
2017-09-05,Tuesday,Eid al-Adha Holiday,Public Holiday,2017,2,Religious-Islamic
2017-09-06,Wednesday,Defence Day,Observance,2017,1,Nationalistic
2017-09-21,Thursday,First Day of Navaratri,Hindu Holiday,2017,3,Religious-Hindu
2017-09-21,Thursday,Durga Puja,Optional Holiday,2017,3,Religious-Hindu
2017-09-23,Saturday,September Equinox,Season,2017,7,Nature Season Related
2017-09-30,Saturday,Ashura,Public Holiday,2017,2,Religious-Islamic
2017-09-30,Saturday,Dussehra,Optional Holiday,2017,3,Religious-Hindu
2017-10-01,Sunday,Ashura Holiday,Public Holiday,2017,2,Religious-Islamic
2017-10-05,Thursday,Birthday of Guru Balmik Sawami Ji,Optional Holiday,2017,5,Religious-Others
2017-10-19,Thursday,Diwali/Deepavali,Optional Holiday,2017,3,Religious-Hindu
2017-11-04,Saturday,Guru Nanak's Birthday,Optional Holiday,2017,5,Religious-Others
2017-11-09,Thursday,Iqbal Day,Observance,2017,1,Nationalistic
2017-11-10,Friday,Chelum,Optional Holiday,2017,2,Religious-Islamic
2017-12-01,Friday,Eid Milad un-Nabi,Public Holiday,2017,2,Religious-Islamic
2017-12-21,Thursday,December Solstice,Season,2017,7,Nature Season Related
2017-12-24,Sunday,Christmas Eve,Observance,2017,4,Religious-Christian
2017-12-25,Monday,Christmas Day,Public Holiday,2017,4,Religious-Christian
2017-12-25,Monday,Quaid-e-Azam Day,Public Holiday,2017,1,Nationalistic
2017-12-26,Tuesday,Day After Christmas (Christians only),Optional Holiday,2017,4,Religious-Christian
2017-12-31,Sunday,New Year's Eve,Observance,2017,8,Others
2018-01-01,Monday,New Year's Day,Optional Holiday,2018,8,Others
2018-01-01,Monday,January 1 Bank Holiday,Bank Holiday,2018,8,Others
2018-01-22,Monday,Basant Panchami,Optional Holiday,2018,3,Religious-Hindu
2018-02-05,Monday,Kashmir Day,Public Holiday,2018,1,Nationalistic
2018-02-13,Tuesday,Shivaratri,Optional Holiday,2018,3,Religious-Hindu
2018-03-01,Thursday,Holi,Optional Holiday,2018,3,Religious-Hindu
2018-03-02,Friday,Dulhandi,Optional Holiday,2018,3,Religious-Hindu
2018-03-20,Tuesday,March Equinox,Season,2018,7,Nature Season Related
2018-03-23,Friday,Pakistan Day,Public Holiday,2018,1,Nationalistic
2018-03-30,Friday,Good Friday,Optional Holiday,2018,4,Religious-Christian
2018-04-01,Sunday,Easter Sunday,Observance,2018,4,Religious-Christian
2018-04-02,Monday,Easter Monday,Optional Holiday,2018,4,Religious-Christian
2018-04-13,Friday,Shab e-Meraj,Optional Holiday,2018,2,Religious-Islamic
2018-04-14,Saturday,Baisakhi,Optional Holiday,2018,3,Religious-Hindu
2018-04-21,Saturday,Ridván,Optional Holiday,2018,5,Religious-Others
2018-04-30,Monday,Buddha Purnima,Optional Holiday,2018,5,Religious-Others
2018-05-01,Tuesday,Labour Day,Public Holiday,2018,1,Nationalistic
2018-05-01,Tuesday,Shab e-Barat,Optional Holiday,2018,2,Religious-Islamic
2018-06-16,Saturday,Eid-ul-Fitr,Public Holiday,2018,2,Religious-Islamic
2018-06-17,Sunday,Eid-ul-Fitr Holiday,Public Holiday,2018,2,Religious-Islamic
2018-06-18,Monday,Eid-ul-Fitr Holiday,Public Holiday,2018,2,Religious-Islamic
2018-06-21,Thursday,June Solstice,Season,2018,7,Nature Season Related
2018-07-01,Sunday,July 1 Bank Holiday,Bank Holiday,2018,8,Others
2018-07-02,Monday,July 1 Bank Holiday observed,Bank Holiday,2018,8,Others
2018-08-14,Tuesday,Independence Day,Public Holiday,2018,1,Nationalistic
2018-08-17,Friday,Nauroz,Optional Holiday,2018,5,Religious-Others
2018-08-22,Wednesday,Eid al-Adha,Public Holiday,2018,2,Religious-Islamic
2018-08-22,Wednesday,Birthday of Lord Zoroaster (Khordad Sal),Optional Holiday,2018,5,Religious-Others
2018-08-23,Thursday,Eid al-Adha Holiday,Public Holiday,2018,2,Religious-Islamic
2018-08-24,Friday,Eid al-Adha Holiday,Public Holiday,2018,2,Religious-Islamic
2018-08-26,Sunday,Raksha Bandhan,Hindu Holiday,2018,3,Religious-Hindu
2018-09-03,Monday,Janmashtami,Optional Holiday,2018,3,Religious-Hindu
2018-09-06,Thursday,Defence Day,Observance,2018,1,Nationalistic
2018-09-13,Thursday,Ganesh Chaturthi,Hindu Holiday,2018,3,Religious-Hindu
2018-09-21,Friday,Ashura,Public Holiday,2018,2,Religious-Islamic
2018-09-22,Saturday,Ashura Holiday,Public Holiday,2018,2,Religious-Islamic
2018-09-23,Sunday,September Equinox,Season,2018,7,Nature Season Related
2018-10-10,Wednesday,First Day of Navaratri,Hindu Holiday,2018,3,Religious-Hindu
2018-10-17,Wednesday,Durga Puja,Optional Holiday,2018,3,Religious-Hindu
2018-10-19,Friday,Dussehra,Optional Holiday,2018,3,Religious-Hindu
2018-10-24,Wednesday,Birthday of Guru Balmik Sawami Ji,Optional Holiday,2018,5,Religious-Others
2018-10-30,Tuesday,Chelum,Optional Holiday,2018,2,Religious-Islamic
2018-11-07,Wednesday,Diwali/Deepavali,Optional Holiday,2018,3,Religious-Hindu
2018-11-09,Friday,Iqbal Day,Observance,2018,1,Nationalistic
2018-11-21,Wednesday,Eid Milad un-Nabi,Public Holiday,2018,2,Religious-Islamic
2018-11-23,Friday,Guru Nanak's Birthday,Optional Holiday,2018,5,Religious-Others
2018-12-19,Wednesday,Giarhwin Sharief,Observance,2018,2,Religious-Islamic
2018-12-22,Saturday,December Solstice,Season,2018,7,Nature Season Related
2018-12-24,Monday,Christmas Eve,Observance,2018,4,Religious-Christian
2018-12-25,Tuesday,Christmas Day,Public Holiday,2018,4,Religious-Christian
2018-12-25,Tuesday,Quaid-e-Azam Day,Public Holiday,2018,1,Nationalistic
2018-12-26,Wednesday,Day After Christmas (Christians only),Optional Holiday,2018,4,Religious-Christian
2018-12-31,Monday,New Year's Eve,Observance,2018,8,Others
